{"cameraMode":{"drawMode":0,"name":"Shaded","section":"Shading Mode"},"sceneLighting":true,"audioPlay":false,"sceneViewState":{"showFog":true,"showMaterialUpdate":false,"showSkybox":true,"showFlares":true,"showImageEffects":true,"showParticleSystems":true},"in2DMode":false,"pivot":{"x":276.1512451171875,"y":-28.414854049682618,"z":-8.090843200683594},"rotation":{"x":0.05638628453016281,"y":0.729198157787323,"z":-0.060518428683280948,"w":0.6792995929718018},"size":152.79107666015626,"orthographic":false}